{
  "train_loss": [
    1.6053758875901463,
    1.197415186014348
  ],
  "train_accuracy": [
    0.39083358053989914,
    0.5521358647285672
  ],
  "val_loss": [
    1.8267077339314588,
    1.9471689035667084
  ],
  "val_accuracy": [
    0.2859520639147803,
    0.3561917443408788
  ],
  "val_log_loss": [
    1.8153662840311326,
    1.9421603289388092
  ],
  "learning_rate": [
    0.001,
    0.001
  ]
}