{
  "train_loss": [
    2.039021046216111,
    1.988315698549536
  ],
  "train_accuracy": [
    0.21061999406704243,
    0.23301690892910115
  ],
  "val_loss": [
    2.034713672893184,
    2.0200782199991685
  ],
  "val_accuracy": [
    0.14547270306258323,
    0.17576564580559254
  ],
  "val_log_loss": [
    2.034713655638927,
    2.0200782125025416
  ],
  "learning_rate": [
    0.01,
    0.01
  ]
}