{
  "train_loss": [
    2.1293117752488238,
    1.8937789811044092
  ],
  "train_accuracy": [
    0.14506081281518837,
    0.25741619697419166
  ],
  "val_loss": [
    7.622521707125891,
    10.390435541517407
  ],
  "val_accuracy": [
    0.2200399467376831,
    0.2576564580559254
  ],
  "val_log_loss": [
    2.1974832381123197,
    2.0979019359852917
  ],
  "learning_rate": [
    0.01,
    0.01
  ]
}