{
  "evaluation_timestamp": "2025-07-18 18:44:09",
  "summary": {
    "total_samples": 3004,
    "overall_accuracy": 0.362849533954727,
    "log_loss": 1.8972419633946211,
    "macro_f1": 0.3224986915858804,
    "weighted_f1": 0.3462311508850984,
    "top_3_accuracy": 0.7140479360852197
  },
  "class_performance": {
    "antelope_duiker": {
      "precision": 0.4793577981651376,
      "recall": 0.3572649572649573,
      "f1_score": 0.40940254652301666
    },
    "bird": {
      "precision": 0.46540880503144655,
      "recall": 0.2334384858044164,
      "f1_score": 0.31092436974789917
    },
    "blank": {
      "precision": 0.22453450164293537,
      "recall": 0.5074257425742574,
      "f1_score": 0.3113135914958238
    },
    "civet_genet": {
      "precision": 0.8421052631578947,
      "recall": 0.043478260869565216,
      "f1_score": 0.082687338501292
    },
    "hog": {
      "precision": 0.19047619047619047,
      "recall": 0.16326530612244897,
      "f1_score": 0.17582417582417584
    },
    "leopard": {
      "precision": 0.7659574468085106,
      "recall": 0.3588039867109635,
      "f1_score": 0.48868778280542985
    },
    "monkey_prosimian": {
      "precision": 0.43952802359882004,
      "recall": 0.2898832684824903,
      "f1_score": 0.3493552168815944
    },
    "rodent": {
      "precision": 0.33612565445026177,
      "recall": 0.6888412017167382,
      "f1_score": 0.4517945109078114
    }
  },
  "confusion_matrix": [
    [
      209,
      35,
      177,
      2,
      8,
      5,
      41,
      108
    ],
    [
      24,
      74,
      123,
      0,
      11,
      0,
      33,
      52
    ],
    [
      31,
      12,
      205,
      0,
      2,
      8,
      29,
      117
    ],
    [
      6,
      0,
      41,
      16,
      6,
      3,
      5,
      291
    ],
    [
      22,
      8,
      3,
      0,
      8,
      8,
      0,
      0
    ],
    [
      67,
      0,
      41,
      0,
      2,
      108,
      67,
      16
    ],
    [
      54,
      30,
      229,
      0,
      1,
      1,
      149,
      50
    ],
    [
      23,
      0,
      94,
      1,
      4,
      8,
      15,
      321
    ]
  ],
  "class_distribution": {
    "antelope_duiker": 585,
    "bird": 317,
    "blank": 404,
    "civet_genet": 368,
    "hog": 49,
    "leopard": 301,
    "monkey_prosimian": 514,
    "rodent": 466
  },
  "site_analysis": {
    "n_sites": 1,
    "accuracy_mean": 0.362849533954727,
    "accuracy_std": 0.0,
    "accuracy_min": 0.362849533954727,
    "accuracy_max": 0.362849533954727,
    "log_loss_mean": 1.8972419633946211,
    "log_loss_std": 0.0,
    "log_loss_min": 1.8972419633946211,
    "log_loss_max": 1.8972419633946211
  },
  "best_sites": [
    [
      "unknown",
      0.362849533954727
    ]
  ],
  "worst_sites": [
    [
      "unknown",
      0.362849533954727
    ]
  ],
  "problematic_classes": [
    [
      "civet_genet",
      0.082687338501292
    ],
    [
      "hog",
      0.17582417582417584
    ],
    [
      "bird",
      0.31092436974789917
    ]
  ],
  "best_performing_classes": [
    [
      "antelope_duiker",
      0.40940254652301666
    ],
    [
      "rodent",
      0.4517945109078114
    ],
    [
      "leopard",
      0.48868778280542985
    ]
  ]
}