{
  "train_loss": [
    1.564113806700749,
    1.4714742654572621,
    1.4339628506471767,
    1.4183006006128647,
    1.4003560879863732,
    1.369635121388869,
    1.3376022960837937,
    1.3162776713065285,
    1.288779384205898,
    1.2681483621053304,
    1.2559086561415498
  ],
  "train_accuracy": [
    0.18976530005941772,
    0.23410576351752824,
    0.24569221628045157,
    0.2563131313131313,
    0.26329471182412356,
    0.2728015448603684,
    0.2808229352346999,
    0.297311348781937,
    0.31001188354129533,
    0.32189542483660133,
    0.32182115270350564
  ],
  "val_loss": [
    1.5189924956002978,
    1.4797315829285929,
    1.4429991732583383,
    1.4774345894469403,
    1.465461983502943,
    1.4294062006806882,
    1.431205262833048,
    1.4542382011083408,
    1.422381942345204,
    1.443283386776514,
    1.4166596040586021
  ],
  "val_accuracy": [
    0.14314247669773636,
    0.16644474034620507,
    0.18209054593874835,
    0.18442077230359522,
    0.19607190412782957,
    0.21671105193075899,
    0.18908122503328895,
    0.16910785619174434,
    0.22936085219707059,
    0.21804260985352863,
    0.21904127829560585
  ],
  "val_log_loss": [
    2.075778339967895,
    2.0407392406253098,
    2.0067922124117703,
    2.0361170050939723,
    2.023548787380327,
    1.9903969640765669,
    1.9879168238674723,
    2.0089251183293135,
    1.9779675637619862,
    1.996123038599107,
    1.960774258353602
  ],
  "learning_rate": [
    0.01,
    0.01,
    0.01,
    0.01,
    0.01,
    0.01,
    0.01,
    0.01,
    0.01,
    0.01,
    0.01
  ]
}