{
  "train_loss": [
    1.8455424970422007,
    1.8528145755727083,
    1.8417815160270403,
    1.8579119365387167,
    1.8433280594799435,
    1.8437437084654043,
    1.853252891403601,
    1.8522960582355192,
    1.8542252355356026,
    1.8661546410102583,
    1.855835012956742
  ],
  "train_accuracy": [
    0.12266389795312964,
    0.12310886977158113,
    0.12140314446751706,
    0.1229605458320973,
    0.12229308810442005,
    0.12273805992287155,
    0.12629783447048354,
    0.12540789083358053,
    0.12192227825571048,
    0.12036487689113023,
    0.12103233461880747
  ],
  "val_loss": [
    1.5682735371684902,
    1.5712224729210336,
    1.5730716647225595,
    1.5729191625483343,
    1.5662488854836212,
    1.561254876113922,
    1.561200203495559,
    1.5756778886886476,
    1.5727705798358638,
    1.5685293142709846,
    1.5705810077339608
  ],
  "val_accuracy": [
    0.07822902796271637,
    0.11617842876165113,
    0.07323568575233022,
    0.10952063914780293,
    0.08621837549933423,
    0.0888814913448735,
    0.14647137150466044,
    0.1155126498002663,
    0.08355525965379494,
    0.10252996005326231,
    0.10086551264980026
  ],
  "val_log_loss": [
    2.0948766039570264,
    2.0963037554880657,
    2.10018982759808,
    2.0970324367021838,
    2.091994218691323,
    2.0881706939993014,
    2.083542562510573,
    2.1010725877497167,
    2.096245366280996,
    2.092619850069227,
    2.094125041170884
  ],
  "learning_rate": [
    0.01,
    0.01,
    0.01,
    0.0072,
    0.0072,
    0.0072,
    0.0072,
    0.0072,
    0.005183999999999999,
    0.005183999999999999,
    0.005183999999999999
  ]
}