{
  "train_loss": [
    1.199437139862477,
    0.7793868160396328,
    0.619095516661019,
    0.5352086241823104,
    0.47812862592152267,
    0.44044306921131426,
    0.40581771307018455,
    0.3866315407662461,
    0.35379324637262805,
    0.26731489397622965,
    0.25176706640047053,
    0.22143862947923287,
    0.21510522357082903
  ],
  "train_accuracy": [
    0.5444971818451498,
    0.7054286561851083,
    0.7600118659151587,
    0.7949421536636013,
    0.8139276179175319,
    0.8287600118659152,
    0.8426283002076536,
    0.8511569267279739,
    0.8613912785523583,
    0.896247404331059,
    0.9011420943340255,
    0.9143429249480867,
    0.9121922278255711
  ],
  "val_loss": [
    2.0282719798792854,
    2.36820255678281,
    1.9083141472622176,
    1.9391793204687249,
    2.3780771238349883,
    2.0285900826460512,
    2.1040037406903607,
    2.2264623413390705,
    2.164026527049221,
    2.3781234084686806,
    2.7454445752576886,
    2.781913324297665,
    2.695577344627736
  ],
  "val_accuracy": [
    0.3085885486018642,
    0.3312250332889481,
    0.362849533954727,
    0.3878162450066578,
    0.35785619174434086,
    0.43075898801597867,
    0.43342210386151797,
    0.39580559254327563,
    0.43142476697736354,
    0.3941411451398136,
    0.39613848202396806,
    0.4011318242343542,
    0.4187749667110519
  ],
  "val_log_loss": [
    1.975711707946473,
    2.3670012945189094,
    1.8972419633946211,
    1.9086727366468461,
    2.3052625582651105,
    1.9014152911861333,
    1.9970764629426032,
    2.177484950936586,
    2.0701534855853763,
    2.259062431331553,
    2.621787483776361,
    2.6798935619912605,
    2.5497531899484374
  ],
  "learning_rate": [
    0.001,
    0.001,
    0.001,
    0.001,
    0.001,
    0.001,
    0.001,
    0.001,
    0.0005,
    0.0005,
    0.0005,
    0.0005,
    0.0005
  ]
}