{
  "train_loss": [
    1.6128322393524297,
    1.1814685404672003
  ],
  "train_accuracy": [
    0.4077425096410561,
    0.5808365470186888
  ],
  "val_loss": [
    1.9268945755558546,
    1.9098597912591562
  ],
  "val_accuracy": [
    0.3112516644474035,
    0.32756324900133155
  ],
  "val_log_loss": [
    1.9268945634295285,
    1.9098597933059498
  ],
  "learning_rate": [
    0.001,
    0.001
  ]
}