{
  "train_loss": [
    0.849594213866367,
    0.5599360697543858,
    0.4547219316653843,
    0.39185521762914244,
    0.3353830326411534,
    0.3042956129162929,
    0.2857318678497826,
    0.2714508369286525,
    0.18188307159482212,
    0.162350334025957,
    0.145880517726905,
    0.14177816047174877
  ],
  "train_accuracy": [
    0.5272916048650252,
    0.6724265796499556,
    0.7209285078611688,
    0.7564520913675468,
    0.7815188371403144,
    0.7931622663897954,
    0.8078463363986947,
    0.8117027588252744,
    0.8654701868881638,
    0.8765944823494513,
    0.8871254820528033,
    0.8913527143280926
  ],
  "val_loss": [
    1.2932730836969877,
    1.255820370069674,
    1.38999013291218,
    1.5048365118341662,
    1.3417916036001376,
    1.4633463678283793,
    1.5574703372112126,
    1.7117972113638522,
    1.6988151854427453,
    1.8264061434767376,
    1.8948473236690984,
    2.096914645993757
  ],
  "val_accuracy": [
    0.32956058588548603,
    0.3851531291611185,
    0.3801597869507324,
    0.3478695073235686,
    0.394474034620506,
    0.3974700399467377,
    0.3698402130492676,
    0.3551930758988016,
    0.3828229027962716,
    0.38315579227696406,
    0.394474034620506,
    0.368508655126498
  ],
  "val_log_loss": [
    1.7499145225520394,
    1.6961919063209705,
    1.8295554241438454,
    1.9224512967019511,
    1.7538791505554174,
    1.857087672387307,
    1.9589313617572481,
    2.0784638500174717,
    2.06030732330837,
    2.172836834024109,
    2.242498332873412,
    2.4251000647610637
  ],
  "learning_rate": [
    0.001,
    0.001,
    0.001,
    0.001,
    0.001,
    0.001,
    0.001,
    0.0005,
    0.0005,
    0.0005,
    0.0005,
    0.0005
  ]
}