{
  "train_loss": [
    2.0216260553997656,
    1.920611654216265
  ],
  "train_accuracy": [
    0.2063927617917532,
    0.24970335212103234
  ],
  "val_loss": [
    2.036882713536289,
    2.0062784221613614
  ],
  "val_accuracy": [
    0.1418109187749667,
    0.1484687083888149
  ],
  "val_log_loss": [
    2.0362847687124006,
    2.013266961350367
  ],
  "learning_rate": [
    0.01,
    0.01
  ]
}